duration,protocol_type,service,flag,src_bytes,dst_bytes,land,wrong_fragment,urgent,hot,num_failed_logins,logged_in,num_compromised,root_shell,su_attempted,num_root,num_file_creations,num_shells,num_access_files,num_outbound_cmds,is_host_login,is_guest_login,count,srv_count,serror_rate,srv_serror_rate,rerror_rate,srv_rerror_rate,same_srv_rate,diff_srv_rate,srv_diff_host_rate,dst_host_count,dst_host_srv_count,dst_host_same_srv_rate,dst_host_diff_srv_rate,dst_host_same_src_port_rate,dst_host_srv_diff_host_rate,dst_host_serror_rate,dst_host_srv_serror_rate,dst_host_rerror_rate,dst_host_srv_rerror_rate,attack,difficulty
39.91593289375305,tcp,https,REJ,80,0,0,0,0,0,0,0,0,0,0,0,0,0,0,0,0,0,1,1,0.0,0.0,1.0,1.0,1.0,0.0,0,1,1,1.0,0.0,1.0,0,0.0,0.0,1.0,1.0,normal,0
170.6029670238495,udp,other,OTH,286,0,0,0,0,0,0,0,0,0,0,0,0,0,0,0,0,0,1,1,0.0,0.0,0.0,0.0,0.5,0.5,0,1,1,1.0,0.0,1.0,0,0.0,0.0,0.0,0.0,normal,0
119.71480298042297,tcp,http,OTH,171,102,0,0,0,0,0,0,0,0,0,0,0,0,0,0,0,0,1,1,0.0,0.0,0.0,0.0,0.3333333333333333,0.6666666666666666,0,1,1,1.0,0.0,1.0,0,0.0,0.0,0.0,0.0,normal,0
0.0,tcp,other,S0,52,0,0,0,0,0,0,0,0,0,0,0,0,0,0,0,0,0,1,2,0.25,0.5,0.0,0.0,0.25,0.75,0,1,1,1.0,0.0,1.0,0,1.0,1.0,0.0,0.0,normal,0
40.08717608451843,tcp,other,REJ,117,80,0,0,0,0,0,0,0,0,0,0,0,0,0,0,0,0,1,3,0.0,0.3333333333333333,0.2,0.3333333333333333,0.2,0.8,0,1,1,1.0,0.0,1.0,0,0.0,0.0,1.0,1.0,normal,0
101.48530697822571,udp,other,OTH,397,0,0,0,0,0,0,0,0,0,0,0,0,0,0,0,0,0,2,4,0.0,0.25,0.0,0.25,0.3333333333333333,0.6666666666666666,0,2,2,1.0,0.0,1.0,0,0.0,0.0,0.0,0.0,normal,0
150.05113911628723,tcp,https,OTH,408,276,0,0,0,0,0,0,0,0,0,0,0,0,0,0,0,0,1,2,0.0,0.0,0.0,0.5,0.14285714285714285,0.8571428571428571,0,1,1,1.0,0.0,1.0,0,0.0,0.0,0.0,0.0,normal,0
104.70739698410034,tcp,https,OTH,203,315,0,0,0,0,0,0,0,0,0,0,0,0,0,0,0,0,1,3,0.0,0.0,0.0,0.3333333333333333,0.125,0.875,0,1,1,1.0,0.0,1.0,0,0.0,0.0,0.0,0.0,normal,0
0.5101361274719238,udp,other,OTH,396,0,0,0,0,0,0,0,0,0,0,0,0,0,0,0,0,0,1,5,0.0,0.2,0.0,0.2,0.1111111111111111,0.8888888888888888,0,1,1,1.0,0.0,1.0,0,0.0,0.0,0.0,0.0,normal,0
144.14769101142883,tcp,https,OTH,3473,86221,0,0,0,0,0,0,0,0,0,0,0,0,0,0,0,0,1,4,0.0,0.0,0.0,0.25,0.1,0.9,0,1,1,1.0,0.0,1.0,0,0.0,0.0,0.0,0.0,normal,0
128.4794909954071,tcp,https,OTH,7968,1913,0,0,0,0,0,0,0,0,0,0,0,0,0,0,0,0,1,5,0.0,0.0,0.0,0.2,0.09090909090909091,0.9090909090909091,0,1,1,1.0,0.0,1.0,0,0.0,0.0,0.0,0.0,normal,0
147.765123128891,udp,other,OTH,578,0,0,0,0,0,0,0,0,0,0,0,0,0,0,0,0,0,3,6,0.0,0.16666666666666666,0.0,0.16666666666666666,0.25,0.75,0,3,3,1.0,0.0,1.0,0,0.0,0.0,0.0,0.0,normal,0
170.60349488258362,udp,other,OTH,9534,0,0,0,0,0,0,0,0,0,0,0,0,0,0,0,0,0,4,7,0.0,0.14285714285714285,0.0,0.14285714285714285,0.3076923076923077,0.6923076923076923,0,4,4,1.0,0.0,1.0,0,0.0,0.0,0.0,0.0,normal,0
119.71139812469482,udp,other,OTH,204,0,0,0,0,0,0,0,0,0,0,0,0,0,0,0,0,0,1,8,0.0,0.125,0.0,0.125,0.07142857142857142,0.9285714285714286,0,1,1,1.0,0.0,1.0,0,0.0,0.0,0.0,0.0,normal,0
0.0,udp,other,OTH,86,0,0,0,0,0,0,0,0,0,0,0,0,0,0,0,0,0,5,9,0.0,0.1111111111111111,0.0,0.1111111111111111,0.3333333333333333,0.6666666666666666,0,5,5,1.0,0.0,1.0,0,0.0,0.0,0.0,0.0,normal,0
166.20891284942627,tcp,other,OTH,544,403,0,0,0,0,0,0,0,0,0,0,0,0,0,0,0,0,2,10,0.0,0.1,0.06666666666666667,0.1,0.13333333333333333,0.8666666666666667,0,2,2,1.0,0.0,1.0,0,0.0,0.0,0.5,0.5,normal,0
164.77412509918213,tcp,other,OTH,1519,1629,0,0,0,0,0,0,0,0,0,0,0,0,0,0,0,0,3,10,0.0,0.1,0.07142857142857142,0.1,0.21428571428571427,0.7857142857142857,0,3,3,1.0,0.0,1.0,0,0.0,0.0,0.3333333333333333,0.3333333333333333,normal,0
0.5121819972991943,udp,other,OTH,492,0,0,0,0,0,0,0,0,0,0,0,0,0,0,0,0,0,6,10,0.0,0.0,0.0,0.1,0.35714285714285715,0.6428571428571429,0,6,6,1.0,0.0,1.0,0,0.0,0.0,0.0,0.0,normal,0
120.94473004341125,udp,other,OTH,1025,0,0,0,0,0,0,0,0,0,0,0,0,0,0,0,0,0,7,11,0.0,0.0,0.0,0.09090909090909091,0.4,0.6,0,7,7,1.0,0.0,1.0,0,0.0,0.0,0.0,0.0,normal,0
112.54200005531311,udp,other,OTH,543,0,0,0,0,0,0,0,0,0,0,0,0,0,0,0,0,0,2,9,0.0,0.0,0.0,0.0,0.18181818181818182,0.8181818181818182,0,2,2,1.0,0.0,0.5,0,0.0,0.0,0.0,0.0,normal,0
139.5768699645996,udp,other,OTH,3255,0,0,0,0,0,0,0,0,0,0,0,0,0,0,0,0,0,8,10,0.0,0.0,0.0,0.0,0.5,0.5,0,8,8,1.0,0.0,1.0,0,0.0,0.0,0.0,0.0,normal,0
142.9054388999939,tcp,https,OTH,7895,30866,0,0,0,0,0,0,0,0,0,0,0,0,0,0,0,0,1,3,0.0,0.0,0.0,0.0,0.07692307692307693,0.9230769230769231,0,1,1,1.0,0.0,1.0,0,0.0,0.0,0.0,0.0,normal,0
31.188544034957886,udp,domain_u,OTH,204,669,0,0,0,0,0,0,0,0,0,0,0,0,0,0,0,0,1,1,0.0,0.0,0.0,0.0,0.08333333333333333,0.9166666666666666,0,1,1,1.0,0.0,1.0,0,0.0,0.0,0.0,0.0,normal,0
31.191426992416382,udp,domain_u,OTH,204,461,0,0,0,0,0,0,0,0,0,0,0,0,0,0,0,0,2,2,0.0,0.0,0.0,0.0,0.15384615384615385,0.8461538461538461,0,2,2,1.0,0.0,0.5,0,0.0,0.0,0.0,0.0,normal,0
142.9201979637146,tcp,https,OTH,4652,3147,0,0,0,0,0,0,0,0,0,0,0,0,0,0,0,0,2,2,0.0,0.0,0.0,0.0,0.07692307692307693,0.9230769230769231,0,2,2,1.0,0.0,0.5,0,0.0,0.0,0.0,0.0,normal,0
16.599403142929077,tcp,https,SF,11392,5982,0,0,0,0,0,0,0,0,0,0,0,0,0,0,0,0,1,3,0.07142857142857142,0.3333333333333333,0.0,0.0,0.07142857142857142,0.9285714285714286,0,1,1,1.0,0.0,1.0,0,1.0,1.0,0.0,0.0,normal,0
102.5604019165039,tcp,https,REJ,2457,4076,0,0,0,0,0,0,0,0,0,0,0,0,0,0,0,0,2,4,0.07142857142857142,0.25,0.07142857142857142,0.25,0.14285714285714285,0.8571428571428571,0,2,2,1.0,0.0,0.5,0,0.5,0.5,0.5,0.5,normal,0
153.299889087677,udp,other,OTH,1986,0,0,0,0,0,0,0,0,0,0,0,0,0,0,0,0,0,9,6,0.0,0.0,0.0,0.0,0.3333333333333333,0.6666666666666666,0,9,9,1.0,0.0,1.0,0,0.0,0.0,0.0,0.0,normal,0
120.1200258731842,udp,other,OTH,1770,0,0,0,0,0,0,0,0,0,0,0,0,0,0,0,0,0,10,6,0.0,0.0,0.0,0.0,0.4166666666666667,0.5833333333333334,0,10,10,1.0,0.0,1.0,0,0.0,0.0,0.0,0.0,normal,0
0.0,udp,other,OTH,68,0,0,0,0,0,0,0,0,0,0,0,0,0,0,0,0,0,1,5,0.0,0.0,0.0,0.0,0.09090909090909091,0.9090909090909091,0,1,1,1.0,0.0,1.0,0,0.0,0.0,0.0,0.0,normal,0
140.20773887634277,tcp,https,S1,3665,33841,0,0,0,0,0,0,0,0,0,0,0,0,0,0,0,0,1,5,0.1,0.4,0.0,0.2,0.1,0.9,0,1,1,1.0,0.0,1.0,0,1.0,1.0,0.0,0.0,normal,0
1.3987998962402344,tcp,https,REJ,2350,6592,0,0,0,0,0,0,0,0,0,0,0,0,0,0,0,0,2,5,0.1,0.4,0.1,0.4,0.2,0.8,0,2,2,1.0,0.0,0.5,0,0.5,0.5,0.5,0.5,normal,0
8.416175842285156e-05,tcp,other,OTH,46,40,0,0,0,0,0,0,0,0,0,0,0,0,0,0,0,0,4,4,0.0,0.0,0.0,0.0,0.16666666666666666,0.8333333333333334,0,4,4,1.0,0.0,1.0,0,0.0,0.0,0.25,0.25,normal,0
4.9160919189453125,udp,other,OTH,1331,0,0,0,0,0,0,0,0,0,0,0,0,0,0,0,0,0,11,3,0.0,0.0,0.0,0.0,0.2,0.8,0,11,11,1.0,0.0,1.0,0,0.0,0.0,0.0,0.0,normal,0
164.35579109191895,udp,other,OTH,5596,0,0,0,0,0,0,0,0,0,0,0,0,0,0,0,0,0,12,3,0.0,0.0,0.0,0.0,0.4,0.6,0,12,12,1.0,0.0,1.0,0,0.0,0.0,0.0,0.0,normal,0
86.61287498474121,tcp,https,OTH,162,196,0,0,0,0,0,0,0,0,0,0,0,0,0,0,0,0,1,1,0.0,0.0,0.0,0.0,0.25,0.75,0,1,1,1.0,0.0,1.0,0,0.0,0.0,0.0,0.0,normal,0
163.70777201652527,tcp,other,OTH,3660,4664,0,0,0,0,0,0,0,0,0,0,0,0,0,0,0,0,5,4,0.0,0.0,0.0,0.0,0.4,0.6,0,5,5,1.0,0.0,1.0,0,0.0,0.0,0.2,0.2,normal,0
150.00313305854797,tcp,other,OTH,1163,709,0,0,0,0,0,0,0,0,0,0,0,0,0,0,0,0,6,4,0.0,0.0,0.0,0.0,0.4,0.6,0,6,6,1.0,0.0,1.0,0,0.0,0.0,0.16666666666666666,0.16666666666666666,normal,0
138.65070009231567,udp,other,OTH,445,0,0,0,0,0,0,0,0,0,0,0,0,0,0,0,0,0,13,5,0.0,0.0,0.0,0.0,0.5,0.5,0,13,13,1.0,0.0,1.0,0,0.0,0.0,0.0,0.0,normal,0
152.88222694396973,udp,other,OTH,204,0,0,0,0,0,0,0,0,0,0,0,0,0,0,0,0,0,3,4,0.0,0.0,0.0,0.0,0.2,0.8,0,3,3,1.0,0.0,0.6666666666666666,0,0.0,0.0,0.0,0.0,normal,0
136.03194093704224,tcp,https,OTH,164,208,0,0,0,0,0,0,0,0,0,0,0,0,0,0,0,0,1,1,0.0,0.0,0.0,0.0,0.25,0.75,0,1,1,1.0,0.0,1.0,0,0.0,0.0,0.0,0.0,normal,0
136.71158909797668,udp,other,OTH,5172,0,0,0,0,0,0,0,0,0,0,0,0,0,0,0,0,0,14,3,0.0,0.0,0.0,0.0,0.5,0.5,0,14,14,1.0,0.0,1.0,0,0.0,0.0,0.0,0.0,normal,0
135.42182207107544,tcp,https,OTH,164,208,0,0,0,0,0,0,0,0,0,0,0,0,0,0,0,0,1,2,0.0,0.0,0.0,0.0,0.25,0.75,0,1,1,1.0,0.0,1.0,0,0.0,0.0,0.0,0.0,normal,0
155.75470805168152,udp,other,OTH,272,0,0,0,0,0,0,0,0,0,0,0,0,0,0,0,0,0,4,3,0.0,0.0,0.0,0.0,0.4,0.6,0,4,4,1.0,0.0,0.75,0,0.0,0.0,0.0,0.0,normal,0
120.22080302238464,tcp,other,OTH,437,289,0,0,0,0,0,0,0,0,0,0,0,0,0,0,0,0,7,4,0.0,0.0,0.0,0.0,0.16666666666666666,0.8333333333333334,0,7,7,1.0,0.0,1.0,0,0.0,0.0,0.14285714285714285,0.14285714285714285,normal,0
143.28685688972473,tcp,other,OTH,1800,1066,0,0,0,0,0,0,0,0,0,0,0,0,0,0,0,0,8,4,0.0,0.0,0.0,0.0,0.3333333333333333,0.6666666666666666,0,8,8,1.0,0.0,1.0,0,0.0,0.0,0.125,0.125,normal,0
160.40219497680664,tcp,https,OTH,315,208,0,0,0,0,0,0,0,0,0,0,0,0,0,0,0,0,1,3,0.0,0.0,0.0,0.0,0.14285714285714285,0.8571428571428571,0,1,1,1.0,0.0,1.0,0,0.0,0.0,0.0,0.0,normal,0
142.17877984046936,tcp,https,OTH,10033,5482,0,0,0,0,0,0,0,0,0,0,0,0,0,0,0,0,1,4,0.0,0.0,0.0,0.0,0.125,0.875,0,1,1,1.0,0.0,1.0,0,0.0,0.0,0.0,0.0,normal,0
13.210937976837158,udp,other,OTH,321,0,0,0,0,0,0,0,0,0,0,0,0,0,0,0,0,0,15,4,0.0,0.0,0.0,0.0,0.14285714285714285,0.8571428571428571,0,15,15,1.0,0.0,1.0,0,0.0,0.0,0.0,0.0,normal,0
137.11532998085022,udp,other,OTH,5946,0,0,0,0,0,0,0,0,0,0,0,0,0,0,0,0,0,16,5,0.0,0.0,0.0,0.0,0.25,0.75,0,16,16,1.0,0.0,1.0,0,0.0,0.0,0.0,0.0,normal,0
135.96512985229492,tcp,https,OTH,164,208,0,0,0,0,0,0,0,0,0,0,0,0,0,0,0,0,1,3,0.0,0.0,0.0,0.0,0.14285714285714285,0.8571428571428571,0,1,1,1.0,0.0,1.0,0,0.0,0.0,0.0,0.0,normal,0
149.8391571044922,tcp,https,OTH,244,367,0,0,0,0,0,0,0,0,0,0,0,0,0,0,0,0,1,4,0.0,0.0,0.0,0.0,0.125,0.875,0,1,1,1.0,0.0,1.0,0,0.0,0.0,0.0,0.0,normal,0
1.7479701042175293,udp,other,OTH,2342,0,0,0,0,0,0,0,0,0,0,0,0,0,0,0,0,0,17,4,0.0,0.0,0.0,0.0,0.375,0.625,0,17,17,1.0,0.0,1.0,0,0.0,0.0,0.0,0.0,normal,0
149.31373596191406,tcp,https,OTH,2350,938,0,0,0,0,0,0,0,0,0,0,0,0,0,0,0,0,1,5,0.0,0.0,0.0,0.0,0.125,0.875,0,1,1,1.0,0.0,1.0,0,0.0,0.0,0.0,0.0,normal,0
150.94161081314087,tcp,https,OTH,1371,1412,0,0,0,0,0,0,0,0,0,0,0,0,0,0,0,0,2,6,0.0,0.0,0.0,0.0,0.1111111111111111,0.8888888888888888,0,2,2,1.0,0.0,0.5,0,0.0,0.0,0.0,0.0,normal,0
143.07106399536133,tcp,other,OTH,2048,1200,0,0,0,0,0,0,0,0,0,0,0,0,0,0,0,0,9,4,0.0,0.0,0.0,0.0,0.125,0.875,0,9,9,1.0,0.0,1.0,0,0.0,0.0,0.1111111111111111,0.1111111111111111,normal,0
153.18911600112915,tcp,https,OTH,21677,2496,0,0,0,0,0,0,0,0,0,0,0,0,0,0,0,0,1,4,0.0,0.0,0.0,0.0,0.16666666666666666,0.8333333333333334,0,1,1,1.0,0.0,1.0,0,0.0,0.0,0.0,0.0,normal,0
1.4430627822875977,udp,other,OTH,2322,0,0,0,0,0,0,0,0,0,0,0,0,0,0,0,0,0,18,3,0.0,0.0,0.0,0.0,0.3333333333333333,0.6666666666666666,0,18,18,1.0,0.0,1.0,0,0.0,0.0,0.0,0.0,normal,0
136.22584509849548,tcp,https,OTH,164,208,0,0,0,0,0,0,0,0,0,0,0,0,0,0,0,0,1,4,0.0,0.0,0.0,0.0,0.14285714285714285,0.8571428571428571,0,1,1,1.0,0.0,1.0,0,0.0,0.0,0.0,0.0,normal,0
155.6089370250702,tcp,https,OTH,30784,10808,0,0,0,0,0,0,0,0,0,0,0,0,0,0,0,0,1,3,0.0,0.0,0.0,0.0,0.2,0.8,0,1,1,1.0,0.0,1.0,0,0.0,0.0,0.0,0.0,normal,0
93.08682584762573,udp,other,OTH,1177,0,0,0,0,0,0,0,0,0,0,0,0,0,0,0,0,0,19,2,0.0,0.0,0.0,0.0,0.4,0.6,0,19,19,1.0,0.0,1.0,0,0.0,0.0,0.0,0.0,normal,0
155.5937521457672,tcp,https,OTH,26719,7370,0,0,0,0,0,0,0,0,0,0,0,0,0,0,0,0,1,4,0.0,0.0,0.0,0.0,0.16666666666666666,0.8333333333333334,0,1,1,1.0,0.0,1.0,0,0.0,0.0,0.0,0.0,normal,0
150.13713788986206,tcp,other,OTH,696,240,0,0,0,0,0,0,0,0,0,0,0,0,0,0,0,0,10,3,0.0,0.0,0.0,0.0,0.14285714285714285,0.8571428571428571,0,10,10,1.0,0.0,1.0,0,0.0,0.0,0.1,0.1,normal,0
0.17010903358459473,tcp,other,REJ,213,180,0,0,0,0,0,0,0,0,0,0,0,0,0,0,0,0,11,1,0.0,0.0,1.0,1.0,1.0,0.0,0,11,11,1.0,0.0,1.0,0,0.0,0.0,0.18181818181818182,0.18181818181818182,normal,0
135.0634708404541,tcp,https,OTH,330,489,0,0,0,0,0,0,0,0,0,0,0,0,0,0,0,0,1,1,0.0,0.0,0.0,0.0,0.5,0.5,0,1,1,1.0,0.0,1.0,0,0.0,0.0,0.0,0.0,normal,0
140.09415483474731,tcp,other,OTH,1192,886,0,0,0,0,0,0,0,0,0,0,0,0,0,0,0,0,12,2,0.0,0.0,0.3333333333333333,0.5,0.6666666666666666,0.3333333333333333,0,12,12,1.0,0.0,1.0,0,0.0,0.0,0.16666666666666666,0.16666666666666666,normal,0
142.8052248954773,tcp,https,OTH,3107,4340,0,0,0,0,0,0,0,0,0,0,0,0,0,0,0,0,2,2,0.0,0.0,0.0,0.0,0.25,0.75,0,2,2,1.0,0.0,0.5,0,0.0,0.0,0.0,0.0,normal,0
150.1736078262329,tcp,https,OTH,4664,12310,0,0,0,0,0,0,0,0,0,0,0,0,0,0,0,0,1,2,0.0,0.0,0.0,0.0,0.5,0.5,0,1,1,1.0,0.0,1.0,0,0.0,0.0,0.0,0.0,normal,0
124.14947390556335,tcp,https,OTH,615,630,0,0,0,0,0,0,0,0,0,0,0,0,0,0,0,0,2,1,0.0,0.0,0.0,0.0,1.0,0.0,0,2,2,1.0,0.0,0.5,0,0.0,0.0,0.0,0.0,normal,0
120.1160979270935,udp,other,OTH,3848,0,0,0,0,0,0,0,0,0,0,0,0,0,0,0,0,0,20,1,0.0,0.0,0.0,0.0,0.5,0.5,0,20,20,1.0,0.0,1.0,0,0.0,0.0,0.0,0.0,normal,0
124.2830970287323,tcp,other,OTH,6315,6832,0,0,0,0,0,0,0,0,0,0,0,0,0,0,0,0,13,2,0.0,0.0,0.0,0.0,0.3333333333333333,0.6666666666666666,0,13,13,1.0,0.0,1.0,0,0.0,0.0,0.15384615384615385,0.15384615384615385,normal,0
136.67674612998962,tcp,https,OTH,539,541,0,0,0,0,0,0,0,0,0,0,0,0,0,0,0,0,1,2,0.0,0.0,0.0,0.0,0.25,0.75,0,1,1,1.0,0.0,1.0,0,0.0,0.0,0.0,0.0,normal,0
118.17290592193604,udp,other,OTH,2409,0,0,0,0,0,0,0,0,0,0,0,0,0,0,0,0,0,21,3,0.0,0.0,0.0,0.0,0.4,0.6,0,21,21,1.0,0.0,1.0,0,0.0,0.0,0.0,0.0,normal,0
135.3285210132599,tcp,https,OTH,164,208,0,0,0,0,0,0,0,0,0,0,0,0,0,0,0,0,1,3,0.0,0.0,0.0,0.0,0.16666666666666666,0.8333333333333334,0,1,1,1.0,0.0,1.0,0,0.0,0.0,0.0,0.0,normal,0
136.18383598327637,tcp,https,OTH,164,208,0,0,0,0,0,0,0,0,0,0,0,0,0,0,0,0,2,3,0.0,0.0,0.0,0.0,0.2,0.8,0,2,2,1.0,0.0,0.5,0,0.0,0.0,0.0,0.0,normal,0
135.36469078063965,tcp,other,OTH,4148,1936,0,0,0,0,0,0,0,0,0,0,0,0,0,0,0,0,14,3,0.0,0.0,0.0,0.0,0.3333333333333333,0.6666666666666666,0,14,14,1.0,0.0,1.0,0,0.0,0.0,0.14285714285714285,0.14285714285714285,normal,0
29.93292808532715,tcp,https,REJ,121,241,0,0,0,0,0,0,0,0,0,0,0,0,0,0,0,0,1,1,0.0,0.0,0.5,1.0,0.5,0.5,0,1,1,1.0,0.0,1.0,0,0.0,0.0,1.0,1.0,normal,0
142.07285904884338,tcp,https,OTH,7379,19551,0,0,0,0,0,0,0,0,0,0,0,0,0,0,0,0,3,2,0.0,0.0,0.0,0.5,0.5,0.5,0,3,3,1.0,0.0,0.3333333333333333,0,0.0,0.0,0.0,0.0,normal,0
96.8076958656311,tcp,https,OTH,13223,5603,0,0,0,0,0,0,0,0,0,0,0,0,0,0,0,0,2,3,0.0,0.0,0.0,0.3333333333333333,0.3333333333333333,0.6666666666666666,0,2,2,1.0,0.0,0.5,0,0.0,0.0,0.0,0.0,normal,0
0.0,udp,other,OTH,153,0,0,0,0,0,0,0,0,0,0,0,0,0,0,0,0,0,2,1,0.0,0.0,0.0,0.0,0.25,0.75,0,2,2,1.0,0.0,0.5,0,0.0,0.0,0.0,0.0,normal,0
0.0,udp,other,OTH,153,0,0,0,0,0,0,0,0,0,0,0,0,0,0,0,0,0,3,2,0.0,0.0,0.0,0.0,0.5,0.5,0,3,3,1.0,0.0,0.3333333333333333,0,0.0,0.0,0.0,0.0,normal,0
0.4069340229034424,udp,other,OTH,94,0,0,0,0,0,0,0,0,0,0,0,0,0,0,0,0,0,1,3,0.0,0.0,0.0,0.0,0.25,0.75,0,1,1,1.0,0.0,1.0,0,0.0,0.0,0.0,0.0,normal,0
0.08502006530761719,tcp,other,REJ,213,180,0,0,0,0,0,0,0,0,0,0,0,0,0,0,0,0,15,4,0.0,0.0,0.25,0.25,0.25,0.75,0,15,15,1.0,0.0,1.0,0,0.0,0.0,0.2,0.2,normal,0
77.11272501945496,udp,other,OTH,10490,0,0,0,0,0,0,0,0,0,0,0,0,0,0,0,0,0,4,5,0.0,0.0,0.0,0.2,0.6,0.4,0,4,4,1.0,0.0,0.25,0,0.0,0.0,0.0,0.0,normal,0
104.06082916259766,tcp,https,OTH,203,327,0,0,0,0,0,0,0,0,0,0,0,0,0,0,0,0,2,1,0.0,0.0,0.0,0.0,0.16666666666666666,0.8333333333333334,0,2,2,1.0,0.0,0.5,0,0.0,0.0,0.0,0.0,normal,0
21.532466888427734,tcp,https,OTH,121,98,0,0,0,0,0,0,0,0,0,0,0,0,0,0,0,0,1,2,0.0,0.0,0.0,0.0,0.2,0.8,0,1,1,1.0,0.0,1.0,0,0.0,0.0,0.0,0.0,normal,0
0.10199117660522461,udp,domain_u,OTH,65,219,0,0,0,0,0,0,0,0,0,0,0,0,0,0,0,0,1,1,0.0,0.0,0.0,0.0,0.2,0.8,0,1,1,1.0,0.0,1.0,0,0.0,0.0,0.0,0.0,normal,0
0.1008310317993164,udp,domain_u,OTH,65,235,0,0,0,0,0,0,0,0,0,0,0,0,0,0,0,0,2,2,0.0,0.0,0.0,0.0,0.3333333333333333,0.6666666666666666,0,2,2,1.0,0.0,0.5,0,0.0,0.0,0.0,0.0,normal,0
135.90085005760193,tcp,https,OTH,164,208,0,0,0,0,0,0,0,0,0,0,0,0,0,0,0,0,2,3,0.0,0.0,0.0,0.0,0.2857142857142857,0.7142857142857143,0,2,2,1.0,0.0,0.5,0,0.0,0.0,0.0,0.0,normal,0
91.13365006446838,tcp,https,SF,3435,69866,0,0,0,0,0,0,0,0,0,0,0,0,0,0,0,0,1,4,0.125,0.25,0.0,0.0,0.125,0.875,0,1,1,1.0,0.0,1.0,0,1.0,1.0,0.0,0.0,normal,0
7.0674309730529785,tcp,other,S0,208,0,0,0,0,0,0,0,0,0,0,0,0,0,0,0,0,0,1,1,0.14285714285714285,1.0,0.0,0.0,0.14285714285714285,0.8571428571428571,0,1,1,1.0,0.0,1.0,0,1.0,1.0,0.0,0.0,normal,0
0.18731999397277832,tcp,other,REJ,213,180,0,0,0,0,0,0,0,0,0,0,0,0,0,0,0,0,16,2,0.0,0.5,0.5,0.5,0.5,0.5,0,16,16,1.0,0.0,1.0,0,0.0,0.0,0.25,0.25,normal,0
0.03972601890563965,tcp,domain_u,SF,302,465,0,0,0,0,0,0,0,0,0,0,0,0,0,0,0,0,3,1,0.3333333333333333,1.0,0.0,0.0,0.3333333333333333,0.6666666666666666,0,3,3,1.0,0.0,0.3333333333333333,0,0.3333333333333333,0.3333333333333333,0.0,0.0,normal,0
0.04735302925109863,tcp,domain_u,SF,302,190,0,0,0,0,0,0,0,0,0,0,0,0,0,0,0,0,4,2,0.5,1.0,0.0,0.0,0.5,0.5,0,4,4,1.0,0.0,0.25,0,0.5,0.5,0.0,0.0,normal,0
132.30321097373962,tcp,https,SF,5542,7319,0,0,0,0,0,0,0,0,0,0,0,0,0,0,0,0,1,1,0.2,1.0,0.0,0.0,0.2,0.8,0,1,1,1.0,0.0,1.0,0,1.0,1.0,0.0,0.0,normal,0
90.6585111618042,tcp,https,OTH,123,156,0,0,0,0,0,0,0,0,0,0,0,0,0,0,0,0,1,2,0.0,0.5,0.0,0.0,0.2,0.8,0,1,1,1.0,0.0,1.0,0,0.0,0.0,0.0,0.0,normal,0
0.05904793739318848,tcp,domain_u,SF,304,405,0,0,0,0,0,0,0,0,0,0,0,0,0,0,0,0,5,1,1.0,1.0,0.0,0.0,1.0,0.0,0,5,5,1.0,0.0,0.2,0,0.6,0.6,0.0,0.0,normal,0
0.08294391632080078,tcp,domain_u,SF,304,389,0,0,0,0,0,0,0,0,0,0,0,0,0,0,0,0,6,2,1.0,1.0,0.0,0.0,1.0,0.0,0,6,6,1.0,0.0,0.16666666666666666,0,0.6666666666666666,0.6666666666666666,0.0,0.0,normal,0
125.6789038181305,tcp,https,REJ,5089,7688,0,0,0,0,0,0,0,0,0,0,0,0,0,0,0,0,1,1,0.0,0.0,0.3333333333333333,1.0,0.3333333333333333,0.6666666666666666,0,1,1,1.0,0.0,1.0,0,0.0,0.0,1.0,1.0,normal,0
0.0,tcp,https,REJ,40,0,0,0,0,0,0,0,0,0,0,0,0,0,0,0,0,0,2,2,0.0,0.0,0.25,1.0,0.25,0.75,0,2,2,1.0,0.0,0.5,0,0.0,0.0,1.0,1.0,normal,0
123.6216459274292,tcp,https,OTH,7131,3722,0,0,0,0,0,0,0,0,0,0,0,0,0,0,0,0,1,3,0.0,0.0,0.0,0.6666666666666666,0.2,0.8,0,1,1,1.0,0.0,1.0,0,0.0,0.0,0.0,0.0,normal,0
0.0,udp,other,OTH,68,0,0,0,0,0,0,0,0,0,0,0,0,0,0,0,0,0,5,1,0.0,0.0,0.0,0.0,0.16666666666666666,0.8333333333333334,0,5,5,1.0,0.0,0.2,0,0.0,0.0,0.0,0.0,normal,0
0.0,udp,other,OTH,68,0,0,0,0,0,0,0,0,0,0,0,0,0,0,0,0,0,2,2,0.0,0.0,0.0,0.0,0.14285714285714285,0.8571428571428571,0,2,2,1.0,0.0,0.5,0,0.0,0.0,0.0,0.0,normal,0
0.0,tcp,https,REJ,40,0,0,0,0,0,0,0,0,0,0,0,0,0,0,0,0,0,1,4,0.0,0.0,0.125,0.75,0.125,0.875,0,1,1,1.0,0.0,1.0,0,0.0,0.0,1.0,1.0,normal,0
102.53774499893188,tcp,https,OTH,4320,3891,0,0,0,0,0,0,0,0,0,0,0,0,0,0,0,0,1,5,0.0,0.0,0.0,0.6,0.1111111111111111,0.8888888888888888,0,1,1,1.0,0.0,1.0,0,0.0,0.0,0.0,0.0,normal,0
125.44403004646301,udp,other,OTH,1754,0,0,0,0,0,0,0,0,0,0,0,0,0,0,0,0,0,22,3,0.0,0.0,0.0,0.0,0.14285714285714285,0.8571428571428571,0,22,22,1.0,0.0,1.0,0,0.0,0.0,0.0,0.0,normal,0
0.16209793090820312,tcp,domain_u,SF,292,319,0,0,0,0,0,0,0,0,0,0,0,0,0,0,0,0,7,1,0.25,1.0,0.0,0.0,0.25,0.75,0,7,7,1.0,0.0,0.14285714285714285,0,0.7142857142857143,0.7142857142857143,0.0,0.0,normal,0
0.1356189250946045,tcp,domain_u,SF,292,368,0,0,0,0,0,0,0,0,0,0,0,0,0,0,0,0,8,2,0.4,1.0,0.0,0.0,0.4,0.6,0,8,8,1.0,0.0,0.125,0,0.75,0.75,0.0,0.0,normal,0
121.05659294128418,tcp,https,S1,16170,8043,0,0,0,0,0,0,0,0,0,0,0,0,0,0,0,0,1,3,0.16666666666666666,0.3333333333333333,0.0,0.3333333333333333,0.16666666666666666,0.8333333333333334,0,1,1,1.0,0.0,1.0,0,1.0,1.0,0.0,0.0,normal,0
30.035907983779907,tcp,https,SF,2349,6327,0,0,0,0,0,0,0,0,0,0,0,0,0,0,0,0,2,3,0.3333333333333333,0.6666666666666666,0.0,0.0,0.3333333333333333,0.6666666666666666,0,2,2,1.0,0.0,0.5,0,1.0,1.0,0.0,0.0,normal,0
116.97326683998108,tcp,https,OTH,1708,1415,0,0,0,0,0,0,0,0,0,0,0,0,0,0,0,0,1,3,0.0,0.6666666666666666,0.0,0.0,0.2,0.8,0,1,1,1.0,0.0,1.0,0,0.0,0.0,0.0,0.0,normal,0
123.12190222740173,tcp,https,OTH,3599,11587,0,0,0,0,0,0,0,0,0,0,0,0,0,0,0,0,4,4,0.0,0.5,0.0,0.0,0.16666666666666666,0.8333333333333334,0,4,4,1.0,0.0,0.25,0,0.0,0.0,0.0,0.0,normal,0
90.16077399253845,tcp,https,OTH,123,156,0,0,0,0,0,0,0,0,0,0,0,0,0,0,0,0,3,3,0.0,0.0,0.0,0.0,0.3333333333333333,0.6666666666666666,0,3,3,1.0,0.0,0.3333333333333333,0,0.0,0.0,0.0,0.0,normal,0
0.0,udp,other,OTH,61,0,0,0,0,0,0,0,0,0,0,0,0,0,0,0,0,0,2,1,0.0,0.0,0.0,0.0,0.25,0.75,0,2,2,1.0,0.0,0.5,0,0.0,0.0,0.0,0.0,normal,0
77.22022199630737,udp,other,OTH,204,0,0,0,0,0,0,0,0,0,0,0,0,0,0,0,0,0,6,2,0.0,0.0,0.0,0.0,0.2,0.8,0,6,6,1.0,0.0,0.6666666666666666,0,0.0,0.0,0.0,0.0,normal,0
0.14597415924072266,udp,domain_u,OTH,60,76,0,0,0,0,0,0,0,0,0,0,0,0,0,0,0,0,9,1,0.0,0.0,0.0,0.0,0.3333333333333333,0.6666666666666666,0,9,9,1.0,0.0,0.1111111111111111,0,0.6666666666666666,0.6666666666666666,0.0,0.0,normal,0
112.62950921058655,udp,domain_u,OTH,117,262,0,0,0,0,0,0,0,0,0,0,0,0,0,0,0,0,10,2,0.0,0.0,0.0,0.0,0.5,0.5,0,10,10,1.0,0.0,0.1,0,0.6,0.6,0.0,0.0,normal,0
30.491123914718628,tcp,https,REJ,3144,5547,0,0,0,0,0,0,0,0,0,0,0,0,0,0,0,0,1,1,0.0,0.0,0.2,1.0,0.2,0.8,0,1,1,1.0,0.0,1.0,0,0.0,0.0,1.0,1.0,normal,0
0.14252614974975586,udp,domain_u,OTH,57,305,0,0,0,0,0,0,0,0,0,0,0,0,0,0,0,0,11,1,0.0,0.0,0.0,0.0,1.0,0.0,0,11,11,1.0,0.0,0.09090909090909091,0,0.5454545454545454,0.5454545454545454,0.0,0.0,normal,0
2.3693008422851562,udp,domain_u,OTH,188,512,0,0,0,0,0,0,0,0,0,0,0,0,0,0,0,0,12,2,0.0,0.0,0.0,0.0,1.0,0.0,0,12,12,1.0,0.0,0.08333333333333333,0,0.5,0.5,0.0,0.0,normal,0
2.2763099670410156,udp,domain_u,OTH,131,307,0,0,0,0,0,0,0,0,0,0,0,0,0,0,0,0,3,3,0.0,0.0,0.0,0.0,0.3333333333333333,0.6666666666666666,0,3,3,1.0,0.0,0.3333333333333333,0,0.0,0.0,0.0,0.0,normal,0
0.046996116638183594,udp,domain_u,OTH,57,305,0,0,0,0,0,0,0,0,0,0,0,0,0,0,0,0,4,4,0.0,0.0,0.0,0.0,0.5,0.5,0,4,4,1.0,0.0,0.25,0,0.0,0.0,0.0,0.0,normal,0
91.65828919410706,tcp,https,S1,2895,2863,0,0,0,0,0,0,0,0,0,0,0,0,0,0,0,0,1,1,0.2,1.0,0.0,0.0,0.2,0.8,0,1,1,1.0,0.0,1.0,0,1.0,1.0,0.0,0.0,normal,0
70.35392308235168,tcp,https,SF,2389,2134,0,0,0,0,0,0,0,0,0,0,0,0,0,0,0,0,2,2,0.3333333333333333,1.0,0.0,0.0,0.3333333333333333,0.6666666666666666,0,2,2,1.0,0.0,0.5,0,1.0,1.0,0.0,0.0,normal,0
3.9877049922943115,udp,domain_u,OTH,118,166,0,0,0,0,0,0,0,0,0,0,0,0,0,0,0,0,13,5,0.0,0.0,0.0,0.0,0.42857142857142855,0.5714285714285714,0,13,13,1.0,0.0,0.07692307692307693,0,0.46153846153846156,0.46153846153846156,0.0,0.0,normal,0
0.7360730171203613,tcp,https,SF,2308,1530,0,0,0,0,0,0,0,0,0,0,0,0,0,0,0,0,1,3,0.125,1.0,0.0,0.0,0.125,0.875,0,1,1,1.0,0.0,1.0,0,1.0,1.0,0.0,0.0,normal,0
91.35773611068726,tcp,https,S1,2895,2889,0,0,0,0,0,0,0,0,0,0,0,0,0,0,0,0,2,4,0.2222222222222222,1.0,0.0,0.0,0.2222222222222222,0.7777777777777778,0,2,2,1.0,0.0,0.5,0,1.0,1.0,0.0,0.0,normal,0
102.19970798492432,tcp,https,SF,5307,1705,0,0,0,0,0,0,0,0,0,0,0,0,0,0,0,0,1,4,0.2,1.0,0.0,0.0,0.2,0.8,0,1,1,1.0,0.0,1.0,0,1.0,1.0,0.0,0.0,normal,0
20.540596961975098,tcp,other,REJ,117,80,0,0,0,0,0,0,0,0,0,0,0,0,0,0,0,0,17,1,0.0,0.0,0.2,1.0,0.2,0.8,0,17,17,1.0,0.0,1.0,0,0.0,0.0,0.29411764705882354,0.29411764705882354,normal,0
57.548420906066895,udp,other,OTH,272,0,0,0,0,0,0,0,0,0,0,0,0,0,0,0,0,0,7,2,0.0,0.0,0.0,0.5,0.5,0.5,0,7,7,1.0,0.0,0.7142857142857143,0,0.0,0.0,0.0,0.0,normal,0
0.043274879455566406,udp,domain_u,OTH,61,77,0,0,0,0,0,0,0,0,0,0,0,0,0,0,0,0,5,1,0.0,0.0,0.0,0.0,0.5,0.5,0,5,5,1.0,0.0,0.2,0,0.0,0.0,0.0,0.0,normal,0
0.002824068069458008,udp,netbios_ns,OTH,288,0,0,0,0,0,0,0,0,0,0,0,0,0,0,0,0,0,8,1,0.0,0.0,0.0,0.0,0.3333333333333333,0.6666666666666666,0,8,1,0.125,0.875,0.125,0,0.0,0.0,0.0,0.0,normal,0
4.610189914703369,udp,other,OTH,2060,0,0,0,0,0,0,0,0,0,0,0,0,0,0,0,0,0,23,2,0.0,0.0,0.0,0.0,0.25,0.75,0,23,23,1.0,0.0,1.0,0,0.0,0.0,0.0,0.0,normal,0
10.139792919158936,udp,other,OTH,1093,0,0,0,0,0,0,0,0,0,0,0,0,0,0,0,0,0,5,3,0.0,0.0,0.0,0.0,0.2,0.8,0,5,5,1.0,0.0,0.2,0,0.0,0.0,0.0,0.0,normal,0
1.0123999118804932,udp,other,OTH,520,0,0,0,0,0,0,0,0,0,0,0,0,0,0,0,0,0,24,2,0.0,0.0,0.0,0.0,0.5,0.5,0,24,24,1.0,0.0,1.0,0,0.0,0.0,0.0,0.0,normal,0
0.11417412757873535,udp,domain_u,OTH,62,158,0,0,0,0,0,0,0,0,0,0,0,0,0,0,0,0,14,1,0.0,0.0,0.0,0.0,0.3333333333333333,0.6666666666666666,0,14,14,1.0,0.0,0.07142857142857142,0,0.42857142857142855,0.42857142857142855,0.0,0.0,normal,0
0.02762007713317871,udp,domain_u,OTH,62,158,0,0,0,0,0,0,0,0,0,0,0,0,0,0,0,0,6,2,0.0,0.0,0.0,0.0,0.25,0.75,0,6,6,1.0,0.0,0.16666666666666666,0,0.0,0.0,0.0,0.0,normal,0
62.04166507720947,tcp,https,S1,23871,6516,0,0,0,0,0,0,0,0,0,0,0,0,0,0,0,0,1,1,0.2,1.0,0.0,0.0,0.2,0.8,0,1,1,1.0,0.0,1.0,0,1.0,1.0,0.0,0.0,normal,0
17.056715965270996,udp,domain_u,OTH,193,490,0,0,0,0,0,0,0,0,0,0,0,0,0,0,0,0,15,3,0.0,0.0,0.0,0.0,0.4,0.6,0,15,15,1.0,0.0,0.06666666666666667,0,0.4,0.4,0.0,0.0,normal,0
62.052255153656006,tcp,https,S1,19309,7950,0,0,0,0,0,0,0,0,0,0,0,0,0,0,0,0,1,2,0.16666666666666666,1.0,0.0,0.0,0.16666666666666666,0.8333333333333334,0,1,1,1.0,0.0,1.0,0,1.0,1.0,0.0,0.0,normal,0
91.54630994796753,udp,other,OTH,616,0,0,0,0,0,0,0,0,0,0,0,0,0,0,0,0,0,25,1,0.0,0.0,0.0,0.0,0.3333333333333333,0.6666666666666666,0,25,25,1.0,0.0,1.0,0,0.0,0.0,0.0,0.0,normal,0
0.0,udp,other,OTH,86,0,0,0,0,0,0,0,0,0,0,0,0,0,0,0,0,0,26,2,0.0,0.0,0.0,0.0,1.0,0.0,0,26,26,1.0,0.0,1.0,0,0.0,0.0,0.0,0.0,normal,0
3.998394012451172,tcp,https,S1,3428,13800,0,0,0,0,0,0,0,0,0,0,0,0,0,0,0,0,1,1,0.3333333333333333,1.0,0.0,0.0,0.3333333333333333,0.6666666666666666,0,1,1,1.0,0.0,1.0,0,1.0,1.0,0.0,0.0,normal,0
0.0,udp,other,OTH,73,0,0,0,0,0,0,0,0,0,0,0,0,0,0,0,0,0,27,1,0.0,0.0,0.0,0.0,0.5,0.5,0,27,27,1.0,0.0,1.0,0,0.0,0.0,0.0,0.0,normal,0
0.0,udp,other,OTH,153,0,0,0,0,0,0,0,0,0,0,0,0,0,0,0,0,0,6,2,0.0,0.0,0.0,0.0,0.5,0.5,0,6,6,1.0,0.0,0.16666666666666666,0,0.0,0.0,0.0,0.0,normal,0
94.9301278591156,udp,other,OTH,559,0,0,0,0,0,0,0,0,0,0,0,0,0,0,0,0,0,28,3,0.0,0.0,0.0,0.0,0.6666666666666666,0.3333333333333333,0,28,28,1.0,0.0,1.0,0,0.0,0.0,0.0,0.0,normal,0
0.04145503044128418,tcp,domain_u,SF,286,280,0,0,0,0,0,0,0,0,0,0,0,0,0,0,0,0,16,1,0.3333333333333333,1.0,0.0,0.0,0.3333333333333333,0.6666666666666666,0,16,16,1.0,0.0,0.0625,0,0.4375,0.4375,0.0,0.0,normal,0
0.04060006141662598,tcp,domain_u,SF,286,348,0,0,0,0,0,0,0,0,0,0,0,0,0,0,0,0,17,2,0.5,1.0,0.0,0.0,0.5,0.5,0,17,17,1.0,0.0,0.058823529411764705,0,0.47058823529411764,0.47058823529411764,0.0,0.0,normal,0
30.529090881347656,tcp,https,REJ,3787,5517,0,0,0,0,0,0,0,0,0,0,0,0,0,0,0,0,2,1,0.0,0.0,0.2,1.0,0.2,0.8,0,2,2,1.0,0.0,0.5,0,0.0,0.0,1.0,1.0,normal,0
94.01467609405518,udp,other,OTH,903,0,0,0,0,0,0,0,0,0,0,0,0,0,0,0,0,0,29,2,0.0,0.0,0.0,0.0,0.4,0.6,0,29,29,1.0,0.0,1.0,0,0.0,0.0,0.0,0.0,normal,0
0.0,udp,other,OTH,153,0,0,0,0,0,0,0,0,0,0,0,0,0,0,0,0,0,7,3,0.0,0.0,0.0,0.0,0.16666666666666666,0.8333333333333334,0,7,7,1.0,0.0,0.14285714285714285,0,0.0,0.0,0.0,0.0,normal,0
0.0,udp,other,OTH,68,0,0,0,0,0,0,0,0,0,0,0,0,0,0,0,0,0,9,4,0.0,0.0,0.0,0.0,0.14285714285714285,0.8571428571428571,0,9,8,0.8888888888888888,0.1111111111111111,0.1111111111111111,0,0.0,0.0,0.0,0.0,normal,0
0.818878173828125,udp,other,OTH,172,0,0,0,0,0,0,0,0,0,0,0,0,0,0,0,0,0,30,4,0.0,0.0,0.0,0.0,0.2857142857142857,0.7142857142857143,0,30,30,1.0,0.0,1.0,0,0.0,0.0,0.0,0.0,normal,0
0.0042819976806640625,udp,other,OTH,971,0,0,0,0,0,0,0,0,0,0,0,0,0,0,0,0,0,31,2,0.0,0.0,0.0,0.0,1.0,0.0,0,31,31,1.0,0.0,1.0,0,0.0,0.0,0.0,0.0,normal,0
0.0,udp,other,OTH,275,0,0,0,0,0,0,0,0,0,0,0,0,0,0,0,0,0,32,2,0.0,0.0,0.0,0.0,1.0,0.0,0,32,32,1.0,0.0,1.0,0,0.0,0.0,0.0,0.0,normal,0
90.02256298065186,udp,other,OTH,204,0,0,0,0,0,0,0,0,0,0,0,0,0,0,0,0,0,10,3,0.0,0.0,0.0,0.0,0.3333333333333333,0.6666666666666666,0,10,9,0.9,0.1,0.6,0,0.0,0.0,0.0,0.0,normal,0
0.0,udp,other,OTH,86,0,0,0,0,0,0,0,0,0,0,0,0,0,0,0,0,0,33,2,0.0,0.0,0.0,0.0,0.5,0.5,0,33,33,1.0,0.0,1.0,0,0.0,0.0,0.0,0.0,normal,0
92.266930103302,tcp,https,REJ,1748,1182,0,0,0,0,0,0,0,0,0,0,0,0,0,0,0,0,1,1,0.0,0.0,0.3333333333333333,1.0,0.3333333333333333,0.6666666666666666,0,1,1,1.0,0.0,1.0,0,0.0,0.0,1.0,1.0,normal,0
0.04984903335571289,udp,domain_u,OTH,65,106,0,0,0,0,0,0,0,0,0,0,0,0,0,0,0,0,7,1,0.0,0.0,0.0,0.0,1.0,0.0,0,7,7,1.0,0.0,0.14285714285714285,0,0.0,0.0,0.0,0.0,normal,0
0.0,udp,other,OTH,73,0,0,0,0,0,0,0,0,0,0,0,0,0,0,0,0,0,34,1,0.0,0.0,0.0,0.0,0.5,0.5,0,34,34,1.0,0.0,1.0,0,0.0,0.0,0.0,0.0,normal,0
0.0,udp,other,OTH,153,0,0,0,0,0,0,0,0,0,0,0,0,0,0,0,0,0,8,2,0.0,0.0,0.0,0.0,0.3333333333333333,0.6666666666666666,0,8,8,1.0,0.0,0.125,0,0.0,0.0,0.0,0.0,normal,0
0.00575709342956543,tcp,https,REJ,104,46,0,0,0,0,0,0,0,0,0,0,0,0,0,0,0,0,1,1,0.0,0.0,0.25,1.0,0.25,0.75,0,1,1,1.0,0.0,1.0,0,0.0,0.0,1.0,1.0,normal,0
0.006228923797607422,tcp,https,REJ,104,46,0,0,0,0,0,0,0,0,0,0,0,0,0,0,0,0,1,2,0.0,0.0,0.2,1.0,0.2,0.8,0,1,1,1.0,0.0,1.0,0,0.0,0.0,1.0,1.0,normal,0
8.835633993148804,udp,domain_u,OTH,136,354,0,0,0,0,0,0,0,0,0,0,0,0,0,0,0,0,18,2,0.0,0.0,0.0,0.0,0.16666666666666666,0.8333333333333334,0,18,18,1.0,0.0,0.05555555555555555,0,0.4444444444444444,0.4444444444444444,0.0,0.0,normal,0
0.22123312950134277,tcp,https,S1,2919,1722,0,0,0,0,0,0,0,0,0,0,0,0,0,0,0,0,1,3,0.14285714285714285,0.3333333333333333,0.0,0.6666666666666666,0.14285714285714285,0.8571428571428571,0,1,1,1.0,0.0,1.0,0,1.0,1.0,0.0,0.0,normal,0
86.3225929737091,udp,other,OTH,2235,0,0,0,0,0,0,0,0,0,0,0,0,0,0,0,0,0,35,1,0.0,0.0,0.0,0.0,1.0,0.0,0,35,35,1.0,0.0,1.0,0,0.0,0.0,0.0,0.0,normal,0
0.7222890853881836,udp,other,OTH,136,0,0,0,0,0,0,0,0,0,0,0,0,0,0,0,0,0,36,2,0.0,0.0,0.0,0.0,1.0,0.0,0,36,36,1.0,0.0,1.0,0,0.0,0.0,0.0,0.0,normal,0
0.0,udp,other,OTH,153,0,0,0,0,0,0,0,0,0,0,0,0,0,0,0,0,0,9,1,0.0,0.0,0.0,0.0,1.0,0.0,0,9,9,1.0,0.0,0.1111111111111111,0,0.0,0.0,0.0,0.0,normal,0
0.0,udp,other,OTH,73,0,0,0,0,0,0,0,0,0,0,0,0,0,0,0,0,0,37,2,0.0,0.0,0.0,0.0,0.5,0.5,0,37,37,1.0,0.0,1.0,0,0.0,0.0,0.0,0.0,normal,0
0.0,udp,other,OTH,70,0,0,0,0,0,0,0,0,0,0,0,0,0,0,0,0,0,38,3,0.0,0.0,0.0,0.0,0.6666666666666666,0.3333333333333333,0,38,38,1.0,0.0,1.0,0,0.0,0.0,0.0,0.0,normal,0
0.7232840061187744,udp,other,OTH,522,0,0,0,0,0,0,0,0,0,0,0,0,0,0,0,0,0,39,4,0.0,0.0,0.0,0.0,0.75,0.25,0,39,39,1.0,0.0,1.0,0,0.0,0.0,0.0,0.0,normal,0
0.13877391815185547,udp,domain_u,OTH,65,324,0,0,0,0,0,0,0,0,0,0,0,0,0,0,0,0,19,1,0.0,0.0,0.0,0.0,0.25,0.75,0,19,19,1.0,0.0,0.05263157894736842,0,0.42105263157894735,0.42105263157894735,0.0,0.0,normal,0
0.031100988388061523,udp,domain_u,OTH,71,225,0,0,0,0,0,0,0,0,0,0,0,0,0,0,0,0,8,2,0.0,0.0,0.0,0.0,0.2,0.8,0,8,8,1.0,0.0,0.125,0,0.0,0.0,0.0,0.0,normal,0
0.049690961837768555,udp,domain_u,OTH,65,324,0,0,0,0,0,0,0,0,0,0,0,0,0,0,0,0,9,3,0.0,0.0,0.0,0.0,0.3333333333333333,0.6666666666666666,0,9,9,1.0,0.0,0.1111111111111111,0,0.0,0.0,0.0,0.0,normal,0
31.749621152877808,udp,other,OTH,1946,0,0,0,0,0,0,0,0,0,0,0,0,0,0,0,0,0,40,3,0.0,0.0,0.0,0.0,0.5,0.5,0,40,40,1.0,0.0,1.0,0,0.0,0.0,0.0,0.0,normal,0
0.0,udp,other,OTH,153,0,0,0,0,0,0,0,0,0,0,0,0,0,0,0,0,0,10,4,0.0,0.0,0.0,0.0,0.14285714285714285,0.8571428571428571,0,10,10,1.0,0.0,0.1,0,0.0,0.0,0.0,0.0,normal,0
2.457029104232788,tcp,https,REJ,2089,5320,0,0,0,0,0,0,0,0,0,0,0,0,0,0,0,0,1,1,0.0,0.0,0.125,1.0,0.125,0.875,0,1,1,1.0,0.0,1.0,0,0.0,0.0,1.0,1.0,normal,0
2.042578935623169,tcp,https,S1,864,27977,0,0,0,0,0,0,0,0,0,0,0,0,0,0,0,0,1,2,0.1111111111111111,0.5,0.0,0.5,0.1111111111111111,0.8888888888888888,0,1,1,1.0,0.0,1.0,0,1.0,1.0,0.0,0.0,normal,0
6.006426811218262,udp,other,OTH,492,0,0,0,0,0,0,0,0,0,0,0,0,0,0,0,0,0,1,3,0.0,0.0,0.0,0.0,0.125,0.875,0,1,1,1.0,0.0,1.0,0,0.0,0.0,0.0,0.0,normal,0
6.006461143493652,udp,other,OTH,492,0,0,0,0,0,0,0,0,0,0,0,0,0,0,0,0,0,2,4,0.0,0.0,0.0,0.0,0.2222222222222222,0.7777777777777778,0,2,2,1.0,0.0,0.5,0,0.0,0.0,0.0,0.0,normal,0
2.636530876159668,tcp,https,REJ,2091,5320,0,0,0,0,0,0,0,0,0,0,0,0,0,0,0,0,2,1,0.0,0.0,0.3333333333333333,1.0,0.3333333333333333,0.6666666666666666,0,2,2,1.0,0.0,0.5,0,0.0,0.0,1.0,1.0,normal,0
72.08026194572449,tcp,https,REJ,4892,5359,0,0,0,0,0,0,0,0,0,0,0,0,0,0,0,0,3,2,0.0,0.0,0.5,1.0,0.5,0.5,0,3,3,1.0,0.0,0.3333333333333333,0,0.0,0.0,1.0,1.0,normal,0
0.08434796333312988,tcp,domain_u,SF,286,280,0,0,0,0,0,0,0,0,0,0,0,0,0,0,0,0,20,1,0.2,1.0,0.0,0.0,0.2,0.8,0,20,20,1.0,0.0,0.05,0,0.45,0.45,0.0,0.0,normal,0
0.10542798042297363,tcp,domain_u,SF,286,354,0,0,0,0,0,0,0,0,0,0,0,0,0,0,0,0,21,2,0.3333333333333333,1.0,0.0,0.0,0.3333333333333333,0.6666666666666666,0,21,21,1.0,0.0,0.047619047619047616,0,0.47619047619047616,0.47619047619047616,0.0,0.0,normal,0
46.56851315498352,tcp,https,S1,152254,90699,0,0,0,0,0,0,0,0,0,0,0,0,0,0,0,0,1,3,0.14285714285714285,0.3333333333333333,0.0,0.6666666666666666,0.14285714285714285,0.8571428571428571,0,1,1,1.0,0.0,1.0,0,1.0,1.0,0.0,0.0,normal,0
0.0,udp,other,OTH,86,0,0,0,0,0,0,0,0,0,0,0,0,0,0,0,0,0,41,3,0.0,0.0,0.0,0.0,0.125,0.875,0,41,41,1.0,0.0,1.0,0,0.0,0.0,0.0,0.0,normal,0
0.21225905418395996,udp,domain_u,OTH,126,250,0,0,0,0,0,0,0,0,0,0,0,0,0,0,0,0,22,3,0.2222222222222222,0.6666666666666666,0.0,0.0,0.3333333333333333,0.6666666666666666,0,22,22,1.0,0.0,0.045454545454545456,0,0.45454545454545453,0.45454545454545453,0.0,0.0,normal,0
3.190666913986206,udp,domain_u,OTH,271,836,0,0,0,0,0,0,0,0,0,0,0,0,0,0,0,0,23,4,0.2,0.5,0.0,0.0,0.4,0.6,0,23,23,1.0,0.0,0.043478260869565216,0,0.43478260869565216,0.43478260869565216,0.0,0.0,normal,0
0.007931947708129883,tcp,domain_u,SF,291,285,0,0,0,0,0,0,0,0,0,0,0,0,0,0,0,0,24,5,0.2727272727272727,0.6,0.0,0.0,0.45454545454545453,0.5454545454545454,0,24,24,1.0,0.0,0.041666666666666664,0,0.4583333333333333,0.4583333333333333,0.0,0.0,normal,0
0.009983062744140625,tcp,domain_u,SF,291,319,0,0,0,0,0,0,0,0,0,0,0,0,0,0,0,0,25,6,0.3333333333333333,0.6666666666666666,0.0,0.0,0.5,0.5,0,25,25,1.0,0.0,0.04,0,0.48,0.48,0.0,0.0,normal,0
4.011829853057861,udp,https,OTH,7668,0,0,0,0,0,0,0,0,0,0,0,0,0,0,0,0,0,2,4,0.0,0.25,0.0,0.5,0.07692307692307693,0.9230769230769231,0,2,2,1.0,0.0,0.5,0,0.0,0.0,0.0,0.0,normal,0
0.06624007225036621,udp,domain_u,OTH,61,169,0,0,0,0,0,0,0,0,0,0,0,0,0,0,0,0,10,7,0.0,0.5714285714285714,0.0,0.0,0.07142857142857142,0.9285714285714286,0,10,10,1.0,0.0,0.1,0,0.0,0.0,0.0,0.0,normal,0
0.014065027236938477,tcp,domain_u,SF,287,302,0,0,0,0,0,0,0,0,0,0,0,0,0,0,0,0,26,8,0.3333333333333333,0.625,0.0,0.0,0.4666666666666667,0.5333333333333333,0,26,26,1.0,0.0,0.038461538461538464,0,0.5,0.5,0.0,0.0,normal,0
0.03705000877380371,tcp,domain_u,SF,287,190,0,0,0,0,0,0,0,0,0,0,0,0,0,0,0,0,27,9,0.375,0.6666666666666666,0.0,0.0,0.5,0.5,0,27,27,1.0,0.0,0.037037037037037035,0,0.5185185185185185,0.5185185185185185,0.0,0.0,normal,0
45.249922037124634,tcp,https,S1,3408,3493,0,0,0,0,0,0,0,0,0,0,0,0,0,0,0,0,1,5,0.058823529411764705,0.4,0.0,0.4,0.058823529411764705,0.9411764705882353,0,1,1,1.0,0.0,1.0,0,1.0,1.0,0.0,0.0,normal,0
45.72981786727905,tcp,https,S1,4854,101658,0,0,0,0,0,0,0,0,0,0,0,0,0,0,0,0,3,6,0.05555555555555555,0.5,0.0,0.3333333333333333,0.1111111111111111,0.8888888888888888,0,3,3,1.0,0.0,0.3333333333333333,0,0.3333333333333333,0.3333333333333333,0.0,0.0,normal,0
0.036572933197021484,tcp,domain_u,SF,287,373,0,0,0,0,0,0,0,0,0,0,0,0,0,0,0,0,28,10,0.3684210526315789,0.7,0.0,0.0,0.47368421052631576,0.5263157894736842,0,28,28,1.0,0.0,0.03571428571428571,0,0.5357142857142857,0.5357142857142857,0.0,0.0,normal,0
0.041877031326293945,tcp,domain_u,SF,287,341,0,0,0,0,0,0,0,0,0,0,0,0,0,0,0,0,29,11,0.4,0.7272727272727273,0.0,0.0,0.5,0.5,0,29,29,1.0,0.0,0.034482758620689655,0,0.5517241379310345,0.5517241379310345,0.0,0.0,normal,0
45.259430170059204,tcp,https,S1,3213,2260,0,0,0,0,0,0,0,0,0,0,0,0,0,0,0,0,1,7,0.047619047619047616,0.5714285714285714,0.0,0.2857142857142857,0.047619047619047616,0.9523809523809523,0,1,1,1.0,0.0,1.0,0,1.0,1.0,0.0,0.0,normal,0
0.08284306526184082,tcp,domain_u,SF,289,299,0,0,0,0,0,0,0,0,0,0,0,0,0,0,0,0,30,12,0.4090909090909091,0.75,0.0,0.0,0.5,0.5,0,30,30,1.0,0.0,0.03333333333333333,0,0.5666666666666667,0.5666666666666667,0.0,0.0,normal,0
0.05989789962768555,tcp,domain_u,SF,289,344,0,0,0,0,0,0,0,0,0,0,0,0,0,0,0,0,31,13,0.43478260869565216,0.7692307692307693,0.0,0.0,0.5217391304347826,0.4782608695652174,0,31,31,1.0,0.0,0.03225806451612903,0,0.5806451612903226,0.5806451612903226,0.0,0.0,normal,0
61.9611120223999,tcp,https,SF,4697,8631,0,0,0,0,0,0,0,0,0,0,0,0,0,0,0,0,1,8,0.041666666666666664,0.625,0.0,0.25,0.041666666666666664,0.9583333333333334,0,1,1,1.0,0.0,1.0,0,1.0,1.0,0.0,0.0,normal,0
6.226125955581665,udp,domain_u,OTH,136,408,0,0,0,0,0,0,0,0,0,0,0,0,0,0,0,0,32,14,0.47619047619047616,0.7142857142857143,0.0,0.0,0.6190476190476191,0.38095238095238093,0,32,32,1.0,0.0,0.03125,0,0.5625,0.5625,0.0,0.0,normal,0
0.12313103675842285,tcp,domain_u,SF,294,528,0,0,0,0,0,0,0,0,0,0,0,0,0,0,0,0,33,13,0.47368421052631576,0.6923076923076923,0.0,0.0,0.631578947368421,0.3684210526315789,0,33,33,1.0,0.0,0.030303030303030304,0,0.5757575757575758,0.5757575757575758,0.0,0.0,normal,0
0.15131092071533203,tcp,domain_u,REJ,294,237,0,0,0,0,0,0,0,0,0,0,0,0,0,0,0,0,34,14,0.45,0.6428571428571429,0.05,0.07142857142857142,0.65,0.35,0,34,34,1.0,0.0,0.029411764705882353,0,0.5588235294117647,0.5588235294117647,0.029411764705882353,0.029411764705882353,normal,0
46.21619391441345,tcp,https,S1,16357,571584,0,0,0,0,0,0,0,0,0,0,0,0,0,0,0,0,1,6,0.047619047619047616,0.8333333333333334,0.0,0.0,0.047619047619047616,0.9523809523809523,0,1,1,1.0,0.0,1.0,0,1.0,1.0,0.0,0.0,normal,0
0.0,udp,other,OTH,86,0,0,0,0,0,0,0,0,0,0,0,0,0,0,0,0,0,42,1,0.0,0.0,0.0,0.0,0.0625,0.9375,0,42,42,1.0,0.0,1.0,0,0.0,0.0,0.0,0.0,normal,0
14.034076929092407,udp,other,OTH,3351,0,0,0,0,0,0,0,0,0,0,0,0,0,0,0,0,0,43,2,0.0,0.0,0.0,0.0,0.16666666666666666,0.8333333333333334,0,43,43,1.0,0.0,1.0,0,0.0,0.0,0.0,0.0,normal,0
0.010133028030395508,tcp,domain_u,SF,287,281,0,0,0,0,0,0,0,0,0,0,0,0,0,0,0,0,35,6,0.36363636363636365,0.6666666666666666,0.09090909090909091,0.16666666666666666,0.5454545454545454,0.45454545454545453,0,35,35,1.0,0.0,0.02857142857142857,0,0.5714285714285714,0.5714285714285714,0.02857142857142857,0.02857142857142857,normal,0
0.015856027603149414,tcp,domain_u,SF,287,190,0,0,0,0,0,0,0,0,0,0,0,0,0,0,0,0,36,7,0.4166666666666667,0.7142857142857143,0.08333333333333333,0.14285714285714285,0.5833333333333334,0.4166666666666667,0,36,36,1.0,0.0,0.027777777777777776,0,0.5833333333333334,0.5833333333333334,0.027777777777777776,0.027777777777777776,normal,0
45.29647707939148,tcp,https,S1,4872,4324,0,0,0,0,0,0,0,0,0,0,0,0,0,0,0,0,1,4,0.07692307692307693,1.0,0.0,0.0,0.07692307692307693,0.9230769230769231,0,1,1,1.0,0.0,1.0,0,1.0,1.0,0.0,0.0,normal,0
4.006414890289307,udp,https,OTH,7668,0,0,0,0,0,0,0,0,0,0,0,0,0,0,0,0,0,2,4,0.09090909090909091,0.75,0.0,0.0,0.18181818181818182,0.8181818181818182,0,2,2,1.0,0.0,0.5,0,0.5,0.5,0.0,0.0,normal,0
59.293195962905884,udp,other,OTH,2730,0,0,0,0,0,0,0,0,0,0,0,0,0,0,0,0,0,44,3,0.0,0.0,0.0,0.0,0.2727272727272727,0.7272727272727273,0,44,44,1.0,0.0,1.0,0,0.0,0.0,0.0,0.0,normal,0
0.11267900466918945,udp,domain_u,OTH,76,332,0,0,0,0,0,0,0,0,0,0,0,0,0,0,0,0,11,6,0.0,0.5,0.0,0.16666666666666666,0.08333333333333333,0.9166666666666666,0,11,11,1.0,0.0,0.09090909090909091,0,0.0,0.0,0.0,0.0,normal,0
0.011718988418579102,tcp,domain_u,SF,302,536,0,0,0,0,0,0,0,0,0,0,0,0,0,0,0,0,37,7,0.3076923076923077,0.5714285714285714,0.07692307692307693,0.14285714285714285,0.46153846153846156,0.5384615384615384,0,37,37,1.0,0.0,0.02702702702702703,0,0.5945945945945946,0.5945945945945946,0.02702702702702703,0.02702702702702703,normal,0
0.025042057037353516,tcp,domain_u,SF,302,190,0,0,0,0,0,0,0,0,0,0,0,0,0,0,0,0,38,8,0.35714285714285715,0.625,0.07142857142857142,0.125,0.5,0.5,0,38,38,1.0,0.0,0.02631578947368421,0,0.6052631578947368,0.6052631578947368,0.02631578947368421,0.02631578947368421,normal,0
4.006874084472656,udp,https,OTH,7668,0,0,0,0,0,0,0,0,0,0,0,0,0,0,0,0,0,1,4,0.0,0.5,0.0,0.0,0.07142857142857142,0.9285714285714286,0,1,1,1.0,0.0,1.0,0,0.0,0.0,0.0,0.0,normal,0
1.7465941905975342,udp,other,OTH,594,0,0,0,0,0,0,0,0,0,0,0,0,0,0,0,0,0,11,4,0.0,0.0,0.0,0.0,0.07692307692307693,0.9230769230769231,0,11,11,1.0,0.0,0.09090909090909091,0,0.0,0.0,0.0,0.0,normal,0
0.0,udp,other,OTH,49,0,0,0,0,0,0,0,0,0,0,0,0,0,0,0,0,0,3,2,0.0,0.0,0.0,0.0,0.3333333333333333,0.6666666666666666,0,3,3,1.0,0.0,0.3333333333333333,0,0.0,0.0,0.0,0.0,normal,0
8.186202049255371,udp,other,OTH,256,0,0,0,0,0,0,0,0,0,0,0,0,0,0,0,0,0,12,3,0.0,0.0,0.0,0.0,0.5,0.5,0,12,12,1.0,0.0,0.08333333333333333,0,0.0,0.0,0.0,0.0,normal,0
59.58659791946411,udp,other,OTH,512,0,0,0,0,0,0,0,0,0,0,0,0,0,0,0,0,0,13,4,0.0,0.0,0.0,0.0,0.6,0.4,0,13,13,1.0,0.0,0.07692307692307693,0,0.0,0.0,0.0,0.0,normal,0
0.0,udp,other,OTH,49,0,0,0,0,0,0,0,0,0,0,0,0,0,0,0,0,0,4,4,0.0,0.0,0.0,0.0,0.5,0.5,0,4,4,1.0,0.0,0.25,0,0.0,0.0,0.0,0.0,normal,0
0.4863770008087158,udp,other,OTH,98,0,0,0,0,0,0,0,0,0,0,0,0,0,0,0,0,0,5,5,0.0,0.0,0.0,0.0,0.6,0.4,0,5,5,1.0,0.0,0.2,0,0.0,0.0,0.0,0.0,normal,0
0.03496193885803223,udp,domain_u,OTH,73,329,0,0,0,0,0,0,0,0,0,0,0,0,0,0,0,0,12,1,0.0,0.0,0.0,0.0,0.3333333333333333,0.6666666666666666,0,12,12,1.0,0.0,0.08333333333333333,0,0.0,0.0,0.0,0.0,normal,0
62.52960801124573,tcp,https,S1,3784,6122,0,0,0,0,0,0,0,0,0,0,0,0,0,0,0,0,1,1,0.25,1.0,0.0,0.0,0.25,0.75,0,1,1,1.0,0.0,1.0,0,1.0,1.0,0.0,0.0,normal,0
0.0,tcp,other,S0,52,0,0,0,0,0,0,0,0,0,0,0,0,0,0,0,0,0,1,1,0.3333333333333333,1.0,0.0,0.0,0.3333333333333333,0.6666666666666666,0,1,1,1.0,0.0,1.0,0,1.0,1.0,0.0,0.0,normal,0
0.0,udp,other,OTH,49,0,0,0,0,0,0,0,0,0,0,0,0,0,0,0,0,0,6,2,0.0,0.5,0.0,0.0,0.25,0.75,0,6,6,1.0,0.0,0.16666666666666666,0,0.0,0.0,0.0,0.0,normal,0
67.67825484275818,udp,domain_u,OTH,439,1084,0,0,0,0,0,0,0,0,0,0,0,0,0,0,0,0,39,2,0.0,0.0,0.0,0.0,0.2,0.8,0,39,39,1.0,0.0,0.02564102564102564,0,0.5897435897435898,0.5897435897435898,0.02564102564102564,0.02564102564102564,normal,0
3.0058059692382812,tcp,https,REJ,3463,5230,0,0,0,0,0,0,0,0,0,0,0,0,0,0,0,0,2,1,0.0,0.0,0.25,1.0,0.25,0.75,0,2,2,1.0,0.0,0.5,0,0.0,0.0,1.0,1.0,normal,0
0.0,udp,other,OTH,73,0,0,0,0,0,0,0,0,0,0,0,0,0,0,0,0,0,45,1,0.0,0.0,0.0,0.0,1.0,0.0,0,45,45,1.0,0.0,1.0,0,0.0,0.0,0.0,0.0,normal,0
59.080326795578,udp,other,OTH,931,0,0,0,0,0,0,0,0,0,0,0,0,0,0,0,0,0,46,2,0.0,0.0,0.0,0.0,1.0,0.0,0,46,46,1.0,0.0,1.0,0,0.0,0.0,0.0,0.0,normal,0
1.240220069885254,udp,other,OTH,1182,0,0,0,0,0,0,0,0,0,0,0,0,0,0,0,0,0,47,3,0.0,0.0,0.0,0.0,1.0,0.0,0,47,47,1.0,0.0,1.0,0,0.0,0.0,0.0,0.0,normal,0
0.0,udp,other,OTH,153,0,0,0,0,0,0,0,0,0,0,0,0,0,0,0,0,0,14,4,0.0,0.0,0.0,0.0,0.25,0.75,0,14,14,1.0,0.0,0.07142857142857142,0,0.0,0.0,0.0,0.0,normal,0
0.0,udp,other,OTH,129,0,0,0,0,0,0,0,0,0,0,0,0,0,0,0,0,0,15,3,0.0,0.0,0.0,0.0,0.6666666666666666,0.3333333333333333,0,15,15,1.0,0.0,0.06666666666666667,0,0.0,0.0,0.0,0.0,normal,0
0.0,udp,other,OTH,68,0,0,0,0,0,0,0,0,0,0,0,0,0,0,0,0,0,11,3,0.0,0.0,0.0,0.0,0.3333333333333333,0.6666666666666666,0,11,10,0.9090909090909091,0.09090909090909091,0.09090909090909091,0,0.0,0.0,0.0,0.0,normal,0
0.0,udp,other,OTH,68,0,0,0,0,0,0,0,0,0,0,0,0,0,0,0,0,0,3,4,0.0,0.0,0.0,0.0,0.25,0.75,0,3,3,1.0,0.0,0.3333333333333333,0,0.0,0.0,0.0,0.0,normal,0
0.7837710380554199,udp,other,OTH,1413,0,0,0,0,0,0,0,0,0,0,0,0,0,0,0,0,0,48,5,0.0,0.0,0.0,0.0,0.2,0.8,0,48,48,1.0,0.0,1.0,0,0.0,0.0,0.0,0.0,normal,0
3.439640998840332,tcp,https,S1,3187,9256,0,0,0,0,0,0,0,0,0,0,0,0,0,0,0,0,2,1,0.25,1.0,0.0,0.0,0.25,0.75,0,2,2,1.0,0.0,0.5,0,1.0,1.0,0.0,0.0,normal,0
0.0,udp,other,OTH,129,0,0,0,0,0,0,0,0,0,0,0,0,0,0,0,0,0,16,2,0.0,0.0,0.0,0.0,0.3333333333333333,0.6666666666666666,0,16,16,1.0,0.0,0.0625,0,0.0,0.0,0.0,0.0,normal,0
0.0,udp,other,OTH,71,0,0,0,0,0,0,0,0,0,0,0,0,0,0,0,0,0,1,2,0.0,0.0,0.0,0.0,0.3333333333333333,0.6666666666666666,0,1,1,1.0,0.0,1.0,0,0.0,0.0,0.0,0.0,normal,0
9.417517900466919,udp,other,OTH,1206,0,0,0,0,0,0,0,0,0,0,0,0,0,0,0,0,0,49,3,0.0,0.0,0.0,0.0,0.25,0.75,0,49,49,1.0,0.0,1.0,0,0.0,0.0,0.0,0.0,normal,0
1.4382870197296143,udp,other,OTH,1568,0,0,0,0,0,0,0,0,0,0,0,0,0,0,0,0,0,50,4,0.0,0.0,0.0,0.0,0.4,0.6,0,50,50,1.0,0.0,1.0,0,0.0,0.0,0.0,0.0,normal,0
0.0,udp,other,OTH,165,0,0,0,0,0,0,0,0,0,0,0,0,0,0,0,0,0,17,5,0.0,0.0,0.0,0.0,0.4,0.6,0,17,17,1.0,0.0,0.058823529411764705,0,0.0,0.0,0.0,0.0,normal,0
0.0,udp,other,OTH,108,0,0,0,0,0,0,0,0,0,0,0,0,0,0,0,0,0,51,5,0.0,0.0,0.0,0.0,0.6,0.4,0,51,51,1.0,0.0,1.0,0,0.0,0.0,0.0,0.0,normal,0
0.5101220607757568,udp,other,OTH,158,0,0,0,0,0,0,0,0,0,0,0,0,0,0,0,0,0,52,3,0.0,0.0,0.0,0.0,0.6666666666666666,0.3333333333333333,0,52,52,1.0,0.0,1.0,0,0.0,0.0,0.0,0.0,normal,0
0.6209840774536133,tcp,other,SF,287,136,0,0,0,0,0,0,0,0,0,0,0,0,0,0,0,0,2,4,0.25,0.25,0.0,0.0,0.25,0.75,0,2,2,1.0,0.0,0.5,0,1.0,1.0,0.0,0.0,normal,0
32.25932502746582,udp,other,OTH,277,0,0,0,0,0,0,0,0,0,0,0,0,0,0,0,0,0,53,4,0.0,0.25,0.0,0.0,0.75,0.25,0,53,53,1.0,0.0,1.0,0,0.0,0.0,0.0,0.0,normal,0
0.0,udp,other,OTH,108,0,0,0,0,0,0,0,0,0,0,0,0,0,0,0,0,0,54,2,0.0,0.0,0.0,0.0,1.0,0.0,0,54,54,1.0,0.0,1.0,0,0.0,0.0,0.0,0.0,normal,0
1.2359769344329834,udp,other,OTH,1531,0,0,0,0,0,0,0,0,0,0,0,0,0,0,0,0,0,55,3,0.0,0.0,0.0,0.0,1.0,0.0,0,55,55,1.0,0.0,1.0,0,0.0,0.0,0.0,0.0,normal,0
0.0,udp,other,OTH,108,0,0,0,0,0,0,0,0,0,0,0,0,0,0,0,0,0,56,2,0.0,0.0,0.0,0.0,1.0,0.0,0,56,56,1.0,0.0,1.0,0,0.0,0.0,0.0,0.0,normal,0
0.40761709213256836,udp,other,OTH,110,0,0,0,0,0,0,0,0,0,0,0,0,0,0,0,0,0,7,3,0.0,0.0,0.0,0.0,0.3333333333333333,0.6666666666666666,0,7,7,1.0,0.0,0.14285714285714285,0,0.0,0.0,0.0,0.0,normal,0
1.944005012512207,udp,other,OTH,396,0,0,0,0,0,0,0,0,0,0,0,0,0,0,0,0,0,18,4,0.0,0.0,0.0,0.0,0.25,0.75,0,18,18,1.0,0.0,0.05555555555555555,0,0.0,0.0,0.0,0.0,normal,0
0.0,udp,other,OTH,55,0,0,0,0,0,0,0,0,0,0,0,0,0,0,0,0,0,8,4,0.0,0.0,0.0,0.0,0.5,0.5,0,8,8,1.0,0.0,0.125,0,0.0,0.0,0.0,0.0,normal,0
0.13977694511413574,tcp,domain_u,SF,291,439,0,0,0,0,0,0,0,0,0,0,0,0,0,0,0,0,40,1,1.0,1.0,0.0,0.0,1.0,0.0,0,40,40,1.0,0.0,0.025,0,0.6,0.6,0.025,0.025,normal,0
0.17154502868652344,tcp,domain_u,REJ,291,423,0,0,0,0,0,0,0,0,0,0,0,0,0,0,0,0,41,2,0.5,0.5,0.5,0.5,1.0,0.0,0,41,41,1.0,0.0,0.024390243902439025,0,0.5853658536585366,0.5853658536585366,0.04878048780487805,0.04878048780487805,normal,0
0.25152587890625,tcp,https,REJ,11180,1846,0,0,0,0,0,0,0,0,0,0,0,0,0,0,0,0,1,1,0.0,0.0,0.3333333333333333,1.0,0.3333333333333333,0.6666666666666666,0,1,1,1.0,0.0,1.0,0,0.0,0.0,1.0,1.0,normal,0
45.24006700515747,tcp,https,S1,4367,71045,0,0,0,0,0,0,0,0,0,0,0,0,0,0,0,0,2,2,0.25,0.5,0.0,0.5,0.25,0.75,0,2,2,1.0,0.0,0.5,0,1.0,1.0,0.0,0.0,normal,0
22.225894927978516,udp,other,OTH,1370,0,0,0,0,0,0,0,0,0,0,0,0,0,0,0,0,0,57,1,0.0,0.0,0.0,0.0,0.2,0.8,0,57,57,1.0,0.0,1.0,0,0.0,0.0,0.0,0.0,normal,0
0.0,udp,other,OTH,86,0,0,0,0,0,0,0,0,0,0,0,0,0,0,0,0,0,58,2,0.0,0.0,0.0,0.0,0.3333333333333333,0.6666666666666666,0,58,58,1.0,0.0,1.0,0,0.0,0.0,0.0,0.0,normal,0
0.9153540134429932,udp,other,OTH,364,0,0,0,0,0,0,0,0,0,0,0,0,0,0,0,0,0,59,3,0.0,0.0,0.0,0.0,0.42857142857142855,0.5714285714285714,0,59,59,1.0,0.0,1.0,0,0.0,0.0,0.0,0.0,normal,0
3.6780900955200195,tcp,https,S1,3147,8651,0,0,0,0,0,0,0,0,0,0,0,0,0,0,0,0,3,3,0.125,0.6666666666666666,0.0,0.3333333333333333,0.125,0.875,0,3,3,1.0,0.0,0.3333333333333333,0,1.0,1.0,0.0,0.0,normal,0
5.401786804199219,tcp,https,S1,1846897,39202,0,0,0,0,0,0,0,0,0,0,0,0,0,0,0,0,1,4,0.14285714285714285,0.75,0.0,0.25,0.14285714285714285,0.8571428571428571,0,1,1,1.0,0.0,1.0,0,1.0,1.0,0.0,0.0,normal,0
0.0,udp,other,OTH,73,0,0,0,0,0,0,0,0,0,0,0,0,0,0,0,0,0,60,1,0.0,0.0,0.0,0.0,1.0,0.0,0,60,60,1.0,0.0,1.0,0,0.0,0.0,0.0,0.0,normal,0
0.06014585494995117,tcp,https,OTH,41,52,0,0,0,0,0,0,0,0,0,0,0,0,0,0,0,0,1,1,0.0,0.0,0.0,0.0,1.0,0.0,0,1,1,1.0,0.0,1.0,0,0.0,0.0,0.0,0.0,normal,0
0.0024259090423583984,udp,domain_u,OTH,64,128,0,0,0,0,0,0,0,0,0,0,0,0,0,0,0,0,42,1,0.0,0.0,0.0,0.0,0.5,0.5,0,42,42,1.0,0.0,0.023809523809523808,0,0.5714285714285714,0.5714285714285714,0.047619047619047616,0.047619047619047616,normal,0
0.0,udp,other,OTH,119,0,0,0,0,0,0,0,0,0,0,0,0,0,0,0,0,0,61,1,0.0,0.0,0.0,0.0,1.0,0.0,0,61,61,1.0,0.0,1.0,0,0.0,0.0,0.0,0.0,normal,0
0.0,udp,other,OTH,86,0,0,0,0,0,0,0,0,0,0,0,0,0,0,0,0,0,62,2,0.0,0.0,0.0,0.0,1.0,0.0,0,62,62,1.0,0.0,1.0,0,0.0,0.0,0.0,0.0,normal,0
29.80969500541687,udp,other,OTH,136,0,0,0,0,0,0,0,0,0,0,0,0,0,0,0,0,0,12,3,0.0,0.0,0.0,0.0,0.3333333333333333,0.6666666666666666,0,12,11,0.9166666666666666,0.08333333333333333,0.5833333333333334,0,0.0,0.0,0.0,0.0,normal,0
1.2272980213165283,udp,other,OTH,1124,0,0,0,0,0,0,0,0,0,0,0,0,0,0,0,0,0,63,1,0.0,0.0,0.0,0.0,1.0,0.0,0,63,63,1.0,0.0,1.0,0,0.0,0.0,0.0,0.0,normal,0
27.860334873199463,udp,other,OTH,155,0,0,0,0,0,0,0,0,0,0,0,0,0,0,0,0,0,64,2,0.0,0.0,0.0,0.0,1.0,0.0,0,64,64,1.0,0.0,1.0,0,0.0,0.0,0.0,0.0,normal,0
0.0,udp,other,OTH,68,0,0,0,0,0,0,0,0,0,0,0,0,0,0,0,0,0,4,3,0.0,0.0,0.0,0.0,0.3333333333333333,0.6666666666666666,0,4,4,1.0,0.0,0.25,0,0.0,0.0,0.0,0.0,normal,0
5.221524000167847,udp,other,OTH,2600,0,0,0,0,0,0,0,0,0,0,0,0,0,0,0,0,0,65,4,0.0,0.0,0.0,0.0,0.75,0.25,0,65,65,1.0,0.0,1.0,0,0.0,0.0,0.0,0.0,normal,0
1.5265791416168213,udp,other,OTH,216,0,0,0,0,0,0,0,0,0,0,0,0,0,0,0,0,0,66,1,0.0,0.0,0.0,0.0,1.0,0.0,0,66,66,1.0,0.0,1.0,0,0.0,0.0,0.0,0.0,normal,0
0.9305331707000732,udp,other,OTH,1672,0,0,0,0,0,0,0,0,0,0,0,0,0,0,0,0,0,67,2,0.0,0.0,0.0,0.0,1.0,0.0,0,67,67,1.0,0.0,1.0,0,0.0,0.0,0.0,0.0,normal,0
0.003979921340942383,udp,other,OTH,214,0,0,0,0,0,0,0,0,0,0,0,0,0,0,0,0,0,68,1,0.0,0.0,0.0,0.0,1.0,0.0,0,68,68,1.0,0.0,1.0,0,0.0,0.0,0.0,0.0,normal,0
1.936406135559082,udp,other,OTH,344,0,0,0,0,0,0,0,0,0,0,0,0,0,0,0,0,0,69,2,0.0,0.0,0.0,0.0,1.0,0.0,0,69,69,1.0,0.0,1.0,0,0.0,0.0,0.0,0.0,normal,0
0.0,udp,other,OTH,153,0,0,0,0,0,0,0,0,0,0,0,0,0,0,0,0,0,19,3,0.0,0.0,0.0,0.0,0.3333333333333333,0.6666666666666666,0,19,19,1.0,0.0,0.05263157894736842,0,0.0,0.0,0.0,0.0,normal,0
0.0,udp,other,OTH,73,0,0,0,0,0,0,0,0,0,0,0,0,0,0,0,0,0,70,4,0.0,0.0,0.0,0.0,0.75,0.25,0,70,70,1.0,0.0,1.0,0,0.0,0.0,0.0,0.0,normal,0
0.0,udp,other,OTH,153,0,0,0,0,0,0,0,0,0,0,0,0,0,0,0,0,0,20,5,0.0,0.0,0.0,0.0,0.4,0.6,0,20,20,1.0,0.0,0.05,0,0.0,0.0,0.0,0.0,normal,0
0.5400960445404053,tcp,other,SF,287,136,0,0,0,0,0,0,0,0,0,0,0,0,0,0,0,0,3,1,1.0,1.0,0.0,0.0,1.0,0.0,0,3,3,1.0,0.0,0.3333333333333333,0,1.0,1.0,0.0,0.0,normal,0
0.002688169479370117,udp,domain_u,OTH,57,89,0,0,0,0,0,0,0,0,0,0,0,0,0,0,0,0,43,1,0.0,0.0,0.0,0.0,1.0,0.0,0,43,43,1.0,0.0,0.023255813953488372,0,0.5581395348837209,0.5581395348837209,0.046511627906976744,0.046511627906976744,normal,0
0.9447798728942871,tcp,https,S1,8571,3568,0,0,0,0,0,0,0,0,0,0,0,0,0,0,0,0,1,1,0.5,1.0,0.0,0.0,0.5,0.5,0,1,1,1.0,0.0,1.0,0,1.0,1.0,0.0,0.0,normal,0
0.0,udp,other,OTH,153,0,0,0,0,0,0,0,0,0,0,0,0,0,0,0,0,0,21,1,0.0,0.0,0.0,0.0,0.3333333333333333,0.6666666666666666,0,21,21,1.0,0.0,0.047619047619047616,0,0.0,0.0,0.0,0.0,normal,0
0.004400014877319336,udp,domain_u,OTH,60,92,0,0,0,0,0,0,0,0,0,0,0,0,0,0,0,0,44,2,0.0,0.0,0.0,0.0,0.5,0.5,0,44,44,1.0,0.0,0.022727272727272728,0,0.5454545454545454,0.5454545454545454,0.045454545454545456,0.045454545454545456,normal,0
0.004251003265380859,udp,domain_u,OTH,60,133,0,0,0,0,0,0,0,0,0,0,0,0,0,0,0,0,45,3,0.0,0.0,0.0,0.0,0.6,0.4,0,45,45,1.0,0.0,0.022222222222222223,0,0.5333333333333333,0.5333333333333333,0.044444444444444446,0.044444444444444446,normal,0
1.297968864440918,tcp,https,S1,8083,3405,0,0,0,0,0,0,0,0,0,0,0,0,0,0,0,0,1,2,0.16666666666666666,1.0,0.0,0.0,0.16666666666666666,0.8333333333333334,0,1,1,1.0,0.0,1.0,0,1.0,1.0,0.0,0.0,normal,0
0.1452171802520752,tcp,https,OTH,41,52,0,0,0,0,0,0,0,0,0,0,0,0,0,0,0,0,2,1,0.0,0.0,0.0,0.0,1.0,0.0,0,2,2,1.0,0.0,0.5,0,0.0,0.0,0.0,0.0,normal,0
0.0,udp,other,OTH,437,0,0,0,0,0,0,0,0,0,0,0,0,0,0,0,0,0,1,1,0.0,0.0,0.0,0.0,1.0,0.0,0,1,1,1.0,0.0,1.0,0,0.0,0.0,0.0,0.0,normal,0
0.0011980533599853516,udp,other,OTH,267,0,0,0,0,0,0,0,0,0,0,0,0,0,0,0,0,0,71,1,0.0,0.0,0.0,0.0,1.0,0.0,0,71,71,1.0,0.0,1.0,0,0.0,0.0,0.0,0.0,normal,0
0.03914213180541992,udp,domain_u,OTH,82,178,0,0,0,0,0,0,0,0,0,0,0,0,0,0,0,0,13,1,0.0,0.0,0.0,0.0,1.0,0.0,0,13,13,1.0,0.0,0.07692307692307693,0,0.0,0.0,0.0,0.0,normal,0
0.40088510513305664,tcp,https,S1,52,52,0,0,0,0,0,0,0,0,0,0,0,0,0,0,0,0,1,1,0.5,1.0,0.0,0.0,0.5,0.5,0,1,1,1.0,0.0,1.0,0,1.0,1.0,0.0,0.0,normal,0
